transaction_id,user_id,product_id,session_id,purchase_date,quantity,unit_price,total_amount,status,payment_method
trans_000000,user_00553,prod_00355,session_002626,2025-10-08 09:46:58,3,72.88,218.64,completed,bank_transfer
trans_000001,user_00993,prod_00426,session_000934,2025-10-08 09:44:54,2,78.53,157.06,completed,paypal
trans_000002,user_00944,prod_00258,session_003931,2025-10-08 09:45:32,2,59.71,119.42,completed,bank_transfer
trans_000003,user_00009,prod_00358,session_001724,2025-10-08 09:46:23,3,44.05,132.14999999999998,completed,paypal
trans_000004,user_00426,prod_00315,session_003978,2025-10-08 09:46:50,2,36.17,72.34,completed,bank_transfer
trans_000005,user_00086,prod_00430,session_001502,2025-10-08 09:46:38,1,138.27,138.27,completed,paypal
trans_000006,user_00438,prod_00023,session_000877,2025-10-08 09:46:29,1,254.35,254.35,cancelled,paypal
trans_000007,user_00763,prod_00277,session_003355,2025-10-08 09:45:15,1,35.78,35.78,completed,credit_card
trans_000008,user_00075,prod_00245,session_000590,2025-10-08 09:46:11,1,86.21,86.21,completed,credit_card
trans_000009,user_00118,prod_00320,session_000686,2025-10-08 09:45:41,2,93.41,186.82,completed,credit_card
trans_000010,user_00880,prod_00298,session_004904,2025-10-08 09:47:06,1,27.88,27.88,completed,credit_card
trans_000011,user_00420,prod_00419,session_004267,2025-10-08 09:47:13,2,32.17,64.34,completed,bank_transfer
trans_000012,user_00173,prod_00390,session_002848,2025-10-08 09:45:46,3,50.39,151.17000000000002,completed,paypal
trans_000013,user_00597,prod_00346,session_000326,2025-10-08 09:47:32,1,26.45,26.45,completed,paypal
trans_000014,user_00988,prod_00250,session_001970,2025-10-08 09:47:01,1,154.99,154.99,completed,credit_card
trans_000015,user_00989,prod_00347,session_002463,2025-10-08 09:45:16,1,78.54,78.54,completed,paypal
trans_000016,user_00832,prod_00167,session_003833,2025-10-08 09:46:04,1,37.21,37.21,completed,bank_transfer
trans_000017,user_00073,prod_00230,session_002322,2025-10-08 09:46:34,2,151.81,303.62,cancelled,paypal
trans_000018,user_00211,prod_00155,session_001753,2025-10-08 09:47:26,3,30.58,91.74,completed,paypal
trans_000019,user_00359,prod_00227,session_004710,2025-10-08 09:46:53,1,29.11,29.11,completed,bank_transfer
trans_000020,user_00300,prod_00496,session_001696,2025-10-08 09:46:21,1,40.41,40.41,completed,paypal
trans_000021,user_00309,prod_00444,session_004287,2025-10-08 09:45:53,3,32.36,97.08,completed,credit_card
trans_000022,user_00341,prod_00293,session_004004,2025-10-08 09:45:30,3,88.25,264.75,completed,bank_transfer
trans_000023,user_00057,prod_00062,session_004294,2025-10-08 09:47:31,2,129.82,259.64,completed,credit_card
trans_000024,user_00417,prod_00472,session_000634,2025-10-08 09:46:58,2,88.72,177.44,completed,paypal
trans_000025,user_00260,prod_00119,session_001330,2025-10-08 09:47:22,2,110.17,220.34,completed,credit_card
trans_000026,user_00765,prod_00235,session_000536,2025-10-08 09:47:13,2,25.97,51.94,completed,bank_transfer
trans_000027,user_00790,prod_00396,session_003126,2025-10-08 09:44:48,1,47.87,47.87,completed,credit_card
trans_000028,user_00624,prod_00366,session_003667,2025-10-08 09:45:27,3,76.24,228.71999999999997,completed,credit_card
trans_000029,user_00381,prod_00322,session_000799,2025-10-08 09:45:40,1,25.75,25.75,completed,credit_card
trans_000030,user_00372,prod_00045,session_000610,2025-10-08 09:45:39,3,47.48,142.44,completed,paypal
trans_000031,user_00930,prod_00205,session_002162,2025-10-08 09:45:49,2,19.26,38.52,completed,paypal
trans_000032,user_00597,prod_00068,session_000326,2025-10-08 09:47:32,2,84.7,169.4,completed,paypal
trans_000033,user_00103,prod_00283,session_003259,2025-10-08 09:46:26,3,57.54,172.62,completed,bank_transfer
trans_000034,user_00598,prod_00093,session_003105,2025-10-08 09:45:40,2,23.11,46.22,completed,paypal
trans_000035,user_00321,prod_00455,session_001060,2025-10-08 09:45:10,2,47.59,95.18,completed,credit_card
trans_000036,user_00303,prod_00254,session_000633,2025-10-08 09:45:09,1,104.1,104.1,cancelled,bank_transfer
trans_000037,user_00707,prod_00055,session_004043,2025-10-08 09:47:37,1,129.51,129.51,completed,bank_transfer
trans_000038,user_00549,prod_00070,session_002695,2025-10-08 09:45:41,2,33.29,66.58,completed,bank_transfer
trans_000039,user_00708,prod_00044,session_001243,2025-10-08 09:45:05,1,32.33,32.33,completed,credit_card
trans_000040,user_00933,prod_00125,session_002269,2025-10-08 09:46:07,1,77.84,77.84,completed,credit_card
trans_000041,user_00291,prod_00359,session_002507,2025-10-08 09:45:58,1,120.3,120.3,completed,credit_card
trans_000042,user_00029,prod_00088,session_002413,2025-10-08 09:45:31,1,28.95,28.95,completed,bank_transfer
trans_000043,user_00361,prod_00083,session_000427,2025-10-08 09:45:37,1,48.75,48.75,completed,bank_transfer
trans_000044,user_00558,prod_00469,session_002612,2025-10-08 09:47:08,3,28.35,85.05000000000001,completed,credit_card
trans_000045,user_00717,prod_00226,session_000790,2025-10-08 09:46:05,2,14.01,28.02,completed,paypal
trans_000046,user_00432,prod_00015,session_002025,2025-10-08 09:46:56,1,91.23,91.23,completed,credit_card
trans_000047,user_00676,prod_00260,session_001739,2025-10-08 09:47:34,2,32.9,65.8,completed,credit_card
trans_000048,user_00547,prod_00233,session_003862,2025-10-08 09:46:51,3,50.32,150.96,completed,bank_transfer
trans_000049,user_00097,prod_00152,session_001332,2025-10-08 09:45:01,1,31.2,31.2,completed,paypal
trans_000050,user_00622,prod_00116,session_000405,2025-10-08 09:45:36,3,22.87,68.61,completed,paypal
trans_000051,user_00596,prod_00484,session_002124,2025-10-08 09:47:02,3,122.45,367.35,completed,credit_card
trans_000052,user_00094,prod_00141,session_003090,2025-10-08 09:46:36,2,248.67,497.34,completed,credit_card
trans_000053,user_00401,prod_00413,session_000071,2025-10-08 09:46:51,1,27.59,27.59,completed,credit_card
trans_000054,user_00254,prod_00103,session_002302,2025-10-08 09:47:25,1,35.67,35.67,completed,paypal
trans_000055,user_00201,prod_00471,session_001290,2025-10-08 09:45:56,1,30.78,30.78,cancelled,credit_card
trans_000056,user_00317,prod_00399,session_003240,2025-10-08 09:44:51,3,24.26,72.78,completed,paypal
trans_000057,user_00910,prod_00360,session_004404,2025-10-08 09:45:51,3,115.24,345.71999999999997,refunded,paypal
trans_000058,user_00269,prod_00339,session_000511,2025-10-08 09:45:47,1,39.44,39.44,completed,credit_card
trans_000059,user_00109,prod_00236,session_004961,2025-10-08 09:46:03,1,119.93,119.93,completed,credit_card
trans_000060,user_00812,prod_00117,session_000736,2025-10-08 09:47:03,2,89.09,178.18,completed,paypal
trans_000061,user_00866,prod_00055,session_000168,2025-10-08 09:46:23,3,129.51,388.53,cancelled,credit_card
trans_000062,user_00176,prod_00487,session_002013,2025-10-08 09:45:54,1,122.34,122.34,completed,paypal
trans_000063,user_00668,prod_00204,session_003093,2025-10-08 09:46:30,1,51.33,51.33,completed,bank_transfer
trans_000064,user_00849,prod_00268,session_003842,2025-10-08 09:45:13,2,107.34,214.68,completed,credit_card
trans_000065,user_00825,prod_00187,session_003495,2025-10-08 09:47:31,1,148.56,148.56,completed,paypal
trans_000066,user_00365,prod_00070,session_004597,2025-10-08 09:46:05,3,33.29,99.87,completed,credit_card
trans_000067,user_00248,prod_00389,session_001450,2025-10-08 09:45:17,1,14.56,14.56,completed,bank_transfer
trans_000068,user_00145,prod_00245,session_001436,2025-10-08 09:45:29,1,86.21,86.21,completed,credit_card
trans_000069,user_00870,prod_00137,session_000856,2025-10-08 09:45:54,3,37.59,112.77000000000001,completed,bank_transfer
trans_000070,user_00973,prod_00337,session_002742,2025-10-08 09:46:45,1,55.82,55.82,completed,credit_card
trans_000071,user_00542,prod_00314,session_004674,2025-10-08 09:45:29,2,64.42,128.84,completed,bank_transfer
trans_000072,user_00640,prod_00497,session_001017,2025-10-08 09:46:41,2,144.31,288.62,completed,bank_transfer
trans_000073,user_00664,prod_00079,session_002080,2025-10-08 09:46:25,3,79.4,238.20000000000002,cancelled,bank_transfer
trans_000074,user_00523,prod_00437,session_003819,2025-10-08 09:46:53,1,40.71,40.71,completed,bank_transfer
trans_000075,user_00900,prod_00231,session_004197,2025-10-08 09:46:41,2,26.22,52.44,completed,credit_card
trans_000076,user_00765,prod_00375,session_002825,2025-10-08 09:47:28,2,38.29,76.58,cancelled,paypal
trans_000077,user_00150,prod_00063,session_004887,2025-10-08 09:47:39,2,123.24,246.48,completed,bank_transfer
trans_000078,user_00323,prod_00073,session_000631,2025-10-08 09:47:22,2,237.64,475.28,completed,paypal
trans_000079,user_00421,prod_00293,session_002248,2025-10-08 09:44:48,1,88.25,88.25,completed,paypal
trans_000080,user_00918,prod_00232,session_004368,2025-10-08 09:47:19,1,87.84,87.84,cancelled,bank_transfer
trans_000081,user_00818,prod_00144,session_000223,2025-10-08 09:44:52,1,5.79,5.79,refunded,bank_transfer
trans_000082,user_00811,prod_00247,session_004823,2025-10-08 09:46:54,2,157.48,314.96,completed,bank_transfer
trans_000083,user_00936,prod_00056,session_002911,2025-10-08 09:45:14,1,31.0,31.0,completed,credit_card
trans_000084,user_00690,prod_00212,session_002629,2025-10-08 09:47:19,1,65.2,65.2,completed,credit_card
trans_000085,user_00042,prod_00271,session_002997,2025-10-08 09:47:03,3,228.1,684.3,completed,paypal
trans_000086,user_00074,prod_00018,session_002021,2025-10-08 09:45:16,2,64.02,128.04,completed,bank_transfer
trans_000087,user_00228,prod_00182,session_000652,2025-10-08 09:47:08,1,51.91,51.91,completed,credit_card
trans_000088,user_00746,prod_00485,session_000151,2025-10-08 09:45:02,2,134.36,268.72,completed,bank_transfer
trans_000089,user_00897,prod_00280,session_001561,2025-10-08 09:45:37,3,37.02,111.06,refunded,credit_card
trans_000090,user_00350,prod_00370,session_003599,2025-10-08 09:46:08,1,44.24,44.24,completed,bank_transfer
trans_000091,user_00391,prod_00404,session_000674,2025-10-08 09:44:57,2,14.31,28.62,completed,credit_card
trans_000092,user_00998,prod_00470,session_004364,2025-10-08 09:47:28,1,63.29,63.29,completed,paypal
trans_000093,user_00364,prod_00278,session_001617,2025-10-08 09:47:26,2,129.35,258.7,cancelled,credit_card
trans_000094,user_00088,prod_00233,session_001788,2025-10-08 09:45:46,2,50.32,100.64,completed,credit_card
trans_000095,user_00982,prod_00196,session_000285,2025-10-08 09:45:28,1,11.33,11.33,completed,paypal
trans_000096,user_00827,prod_00250,session_001669,2025-10-08 09:45:43,2,154.99,309.98,cancelled,credit_card
trans_000097,user_00889,prod_00023,session_003651,2025-10-08 09:45:55,3,254.35,763.05,cancelled,paypal
trans_000098,user_00616,prod_00124,session_004946,2025-10-08 09:46:23,1,63.88,63.88,completed,credit_card
trans_000099,user_00443,prod_00221,session_000979,2025-10-08 09:45:11,1,63.79,63.79,completed,paypal
trans_000100,user_00031,prod_00013,session_002851,2025-10-08 09:47:32,1,58.59,58.59,completed,paypal
trans_000101,user_00291,prod_00424,session_002507,2025-10-08 09:45:58,3,20.61,61.83,completed,paypal
trans_000102,user_00203,prod_00423,session_004745,2025-10-08 09:45:49,2,41.78,83.56,completed,bank_transfer
trans_000103,user_00193,prod_00438,session_001616,2025-10-08 09:46:07,3,132.95,398.84999999999997,cancelled,bank_transfer
trans_000104,user_00798,prod_00068,session_004096,2025-10-08 09:46:28,1,84.7,84.7,completed,bank_transfer
trans_000105,user_00476,prod_00177,session_003474,2025-10-08 09:44:58,2,195.12,390.24,completed,bank_transfer
trans_000106,user_00389,prod_00222,session_003929,2025-10-08 09:44:58,2,196.54,393.08,completed,credit_card
trans_000107,user_00101,prod_00470,session_004633,2025-10-08 09:47:06,1,63.29,63.29,completed,credit_card
trans_000108,user_00405,prod_00429,session_004255,2025-10-08 09:45:29,3,28.4,85.19999999999999,completed,credit_card
trans_000109,user_00562,prod_00055,session_004772,2025-10-08 09:45:12,2,129.51,259.02,completed,bank_transfer
trans_000110,user_00427,prod_00117,session_004072,2025-10-08 09:46:29,3,89.09,267.27,completed,paypal
trans_000111,user_00318,prod_00163,session_000577,2025-10-08 09:46:28,1,391.84,391.84,completed,credit_card
trans_000112,user_00394,prod_00277,session_001697,2025-10-08 09:46:43,3,35.78,107.34,completed,paypal
trans_000113,user_00033,prod_00393,session_001307,2025-10-08 09:45:40,3,23.13,69.39,completed,paypal
trans_000114,user_00743,prod_00095,session_002744,2025-10-08 09:46:11,2,90.92,181.84,completed,paypal
trans_000115,user_00189,prod_00241,session_004737,2025-10-08 09:45:23,3,100.2,300.6,completed,credit_card
trans_000116,user_00652,prod_00485,session_000032,2025-10-08 09:45:50,1,134.36,134.36,completed,bank_transfer
trans_000117,user_00254,prod_00083,session_002407,2025-10-08 09:46:49,2,48.75,97.5,completed,bank_transfer
trans_000118,user_00211,prod_00441,session_001679,2025-10-08 09:45:48,3,130.21,390.63,completed,credit_card
trans_000119,user_00443,prod_00446,session_004205,2025-10-08 09:46:08,3,137.12,411.36,completed,credit_card
trans_000120,user_00973,prod_00174,session_002438,2025-10-08 09:46:19,3,16.01,48.03,cancelled,bank_transfer
trans_000121,user_00596,prod_00423,session_003481,2025-10-08 09:44:49,3,41.78,125.34,cancelled,bank_transfer
trans_000122,user_00953,prod_00152,session_001520,2025-10-08 09:46:13,3,31.2,93.6,completed,credit_card
trans_000123,user_00035,prod_00026,session_003864,2025-10-08 09:46:03,1,61.81,61.81,completed,bank_transfer
trans_000124,user_00595,prod_00160,session_004058,2025-10-08 09:46:45,1,52.35,52.35,completed,bank_transfer
trans_000125,user_00986,prod_00465,session_001340,2025-10-08 09:45:27,1,16.23,16.23,completed,paypal
trans_000126,user_00883,prod_00252,session_002067,2025-10-08 09:47:14,3,22.67,68.01,completed,credit_card
trans_000127,user_00089,prod_00464,session_004556,2025-10-08 09:47:06,2,33.54,67.08,completed,bank_transfer
trans_000128,user_00101,prod_00268,session_001311,2025-10-08 09:45:07,2,107.34,214.68,completed,credit_card
trans_000129,user_00079,prod_00283,session_000565,2025-10-08 09:45:20,3,57.54,172.62,completed,bank_transfer
trans_000130,user_00879,prod_00334,session_004525,2025-10-08 09:47:27,3,9.91,29.73,completed,bank_transfer
trans_000131,user_00192,prod_00300,session_002115,2025-10-08 09:46:50,3,110.41,331.23,completed,credit_card
trans_000132,user_00705,prod_00436,session_003070,2025-10-08 09:46:57,1,54.15,54.15,completed,bank_transfer
trans_000133,user_00260,prod_00449,session_002985,2025-10-08 09:45:50,3,48.37,145.10999999999999,completed,paypal
trans_000134,user_00626,prod_00302,session_002038,2025-10-08 09:44:43,1,40.41,40.41,completed,credit_card
trans_000135,user_00304,prod_00299,session_003744,2025-10-08 09:45:10,3,68.97,206.91,completed,paypal
trans_000136,user_00214,prod_00049,session_001468,2025-10-08 09:45:38,2,161.04,322.08,completed,credit_card
trans_000137,user_00318,prod_00447,session_004612,2025-10-08 09:47:24,1,110.28,110.28,completed,credit_card
trans_000138,user_00749,prod_00103,session_004855,2025-10-08 09:44:53,2,35.67,71.34,completed,bank_transfer
trans_000139,user_00476,prod_00028,session_000420,2025-10-08 09:45:21,1,35.37,35.37,completed,bank_transfer
trans_000140,user_00165,prod_00222,session_004032,2025-10-08 09:45:06,3,196.54,589.62,completed,credit_card
trans_000141,user_00088,prod_00203,session_001619,2025-10-08 09:46:55,1,64.78,64.78,completed,paypal
trans_000142,user_00435,prod_00446,session_002062,2025-10-08 09:47:25,3,137.12,411.36,refunded,paypal
trans_000143,user_00979,prod_00152,session_004444,2025-10-08 09:47:16,3,31.2,93.6,cancelled,bank_transfer
trans_000144,user_00151,prod_00048,session_003334,2025-10-08 09:45:13,1,27.9,27.9,completed,paypal
trans_000145,user_00476,prod_00177,session_003474,2025-10-08 09:44:58,2,195.12,390.24,completed,credit_card
trans_000146,user_00052,prod_00403,session_002748,2025-10-08 09:46:50,3,43.17,129.51,completed,credit_card
trans_000147,user_00536,prod_00145,session_003997,2025-10-08 09:45:47,3,13.52,40.56,completed,bank_transfer
trans_000148,user_00563,prod_00212,session_001349,2025-10-08 09:45:49,1,65.2,65.2,completed,bank_transfer
trans_000149,user_00193,prod_00452,session_004945,2025-10-08 09:45:22,2,43.37,86.74,completed,credit_card
trans_000150,user_00344,prod_00281,session_003721,2025-10-08 09:44:53,1,65.38,65.38,completed,credit_card
trans_000151,user_00798,prod_00480,session_003040,2025-10-08 09:44:54,1,14.9,14.9,completed,credit_card
trans_000152,user_00396,prod_00353,session_002726,2025-10-08 09:46:16,2,20.73,41.46,completed,credit_card
trans_000153,user_00306,prod_00005,session_002226,2025-10-08 09:45:37,2,180.26,360.52,completed,credit_card
trans_000154,user_00201,prod_00063,session_001290,2025-10-08 09:45:56,3,123.24,369.71999999999997,cancelled,bank_transfer
trans_000155,user_00488,prod_00474,session_003251,2025-10-08 09:45:02,2,27.44,54.88,completed,paypal
trans_000156,user_00823,prod_00426,session_003777,2025-10-08 09:45:35,1,78.53,78.53,completed,paypal
trans_000157,user_00849,prod_00041,session_001574,2025-10-08 09:46:03,2,69.69,139.38,completed,paypal
trans_000158,user_00990,prod_00140,session_002088,2025-10-08 09:46:57,2,27.71,55.42,completed,bank_transfer
trans_000159,user_00133,prod_00496,session_000072,2025-10-08 09:44:42,2,40.41,80.82,completed,credit_card
trans_000160,user_00340,prod_00236,session_002937,2025-10-08 09:44:54,2,119.93,239.86,completed,credit_card
trans_000161,user_00163,prod_00455,session_004060,2025-10-08 09:47:14,1,47.59,47.59,completed,bank_transfer
trans_000162,user_00748,prod_00144,session_001772,2025-10-08 09:47:25,1,5.79,5.79,completed,paypal
trans_000163,user_00475,prod_00112,session_004994,2025-10-08 09:46:04,2,46.93,93.86,completed,bank_transfer
trans_000164,user_00261,prod_00138,session_003584,2025-10-08 09:45:47,3,42.21,126.63,cancelled,paypal
trans_000165,user_00058,prod_00398,session_003682,2025-10-08 09:47:05,2,21.85,43.7,completed,bank_transfer
trans_000166,user_00380,prod_00426,session_003574,2025-10-08 09:46:42,3,78.53,235.59,completed,credit_card
trans_000167,user_00376,prod_00145,session_000571,2025-10-08 09:46:35,2,13.52,27.04,completed,credit_card
trans_000168,user_00386,prod_00069,session_000385,2025-10-08 09:45:31,2,80.77,161.54,refunded,credit_card
trans_000169,user_00987,prod_00071,session_004057,2025-10-08 09:45:18,2,25.26,50.52,completed,credit_card
trans_000170,user_00142,prod_00222,session_002927,2025-10-08 09:47:03,1,196.54,196.54,completed,bank_transfer
trans_000171,user_00918,prod_00251,session_004583,2025-10-08 09:46:34,1,42.83,42.83,completed,paypal
trans_000172,user_00406,prod_00393,session_004598,2025-10-08 09:45:11,2,23.13,46.26,completed,bank_transfer
trans_000173,user_00841,prod_00064,session_001298,2025-10-08 09:45:20,2,51.99,103.98,completed,paypal
trans_000174,user_00221,prod_00233,session_001245,2025-10-08 09:46:18,1,50.32,50.32,completed,paypal
trans_000175,user_00778,prod_00288,session_004299,2025-10-08 09:46:32,1,41.72,41.72,completed,credit_card
trans_000176,user_00222,prod_00208,session_002785,2025-10-08 09:44:52,2,23.24,46.48,completed,bank_transfer
trans_000177,user_00702,prod_00437,session_001557,2025-10-08 09:47:02,2,40.71,81.42,completed,credit_card
trans_000178,user_00132,prod_00182,session_002759,2025-10-08 09:46:28,1,51.91,51.91,completed,bank_transfer
trans_000179,user_00818,prod_00211,session_000223,2025-10-08 09:44:52,1,27.74,27.74,completed,credit_card
trans_000180,user_00894,prod_00320,session_003375,2025-10-08 09:46:36,3,93.41,280.23,completed,paypal
trans_000181,user_00852,prod_00114,session_002731,2025-10-08 09:45:03,1,18.27,18.27,completed,paypal
trans_000182,user_00877,prod_00278,session_004764,2025-10-08 09:47:34,3,129.35,388.04999999999995,completed,paypal
trans_000183,user_00017,prod_00090,session_002633,2025-10-08 09:47:12,3,56.35,169.05,refunded,credit_card
trans_000184,user_00344,prod_00107,session_003721,2025-10-08 09:44:53,3,110.6,331.79999999999995,completed,paypal
trans_000185,user_00571,prod_00300,session_004863,2025-10-08 09:47:38,1,110.41,110.41,refunded,bank_transfer
trans_000186,user_00666,prod_00451,session_001585,2025-10-08 09:46:10,3,40.9,122.69999999999999,completed,bank_transfer
trans_000187,user_00403,prod_00360,session_001589,2025-10-08 09:45:10,3,115.24,345.71999999999997,completed,bank_transfer
trans_000188,user_00339,prod_00010,session_003335,2025-10-08 09:45:32,1,84.74,84.74,completed,paypal
trans_000189,user_00693,prod_00192,session_003835,2025-10-08 09:46:41,3,21.61,64.83,completed,credit_card
trans_000190,user_00194,prod_00231,session_000514,2025-10-08 09:46:11,1,26.22,26.22,completed,credit_card
trans_000191,user_00019,prod_00477,session_003742,2025-10-08 09:47:34,1,47.5,47.5,completed,bank_transfer
trans_000192,user_00788,prod_00432,session_004931,2025-10-08 09:45:29,1,26.32,26.32,completed,bank_transfer
trans_000193,user_00318,prod_00103,session_002531,2025-10-08 09:45:56,1,35.67,35.67,completed,paypal
trans_000194,user_00293,prod_00025,session_000951,2025-10-08 09:46:21,2,97.54,195.08,completed,bank_transfer
trans_000195,user_00205,prod_00208,session_004175,2025-10-08 09:46:58,2,23.24,46.48,completed,credit_card
trans_000196,user_00216,prod_00394,session_002582,2025-10-08 09:44:42,2,231.88,463.76,completed,paypal
trans_000197,user_00701,prod_00028,session_000148,2025-10-08 09:45:06,2,35.37,70.74,completed,credit_card
trans_000198,user_00028,prod_00267,session_002259,2025-10-08 09:46:10,1,158.2,158.2,completed,credit_card
trans_000199,user_00540,prod_00212,session_004933,2025-10-08 09:45:02,3,65.2,195.60000000000002,completed,bank_transfer
trans_000200,user_00721,prod_00024,session_003456,2025-10-08 09:45:15,2,92.63,185.26,completed,bank_transfer
trans_000201,user_00865,prod_00089,session_004503,2025-10-08 09:46:38,3,59.51,178.53,completed,paypal
trans_000202,user_00931,prod_00103,session_002593,2025-10-08 09:46:03,3,35.67,107.01,completed,bank_transfer
trans_000203,user_00409,prod_00186,session_004066,2025-10-08 09:47:02,3,66.45,199.35000000000002,cancelled,bank_transfer
trans_000204,user_00399,prod_00079,session_004822,2025-10-08 09:45:53,2,79.4,158.8,completed,credit_card
trans_000205,user_00396,prod_00141,session_002196,2025-10-08 09:45:28,2,248.67,497.34,completed,bank_transfer
trans_000206,user_00012,prod_00490,session_004026,2025-10-08 09:45:10,3,28.63,85.89,completed,bank_transfer
trans_000207,user_00584,prod_00018,session_003468,2025-10-08 09:45:25,1,64.02,64.02,completed,credit_card
trans_000208,user_00451,prod_00036,session_002468,2025-10-08 09:46:45,1,18.99,18.99,completed,paypal
trans_000209,user_00934,prod_00163,session_002746,2025-10-08 09:46:55,3,391.84,1175.52,completed,credit_card
trans_000210,user_00522,prod_00193,session_003280,2025-10-08 09:47:09,3,109.88,329.64,completed,credit_card
trans_000211,user_00601,prod_00137,session_003547,2025-10-08 09:46:14,2,37.59,75.18,completed,paypal
trans_000212,user_00278,prod_00036,session_001204,2025-10-08 09:45:59,3,18.99,56.97,completed,paypal
trans_000213,user_00289,prod_00060,session_002139,2025-10-08 09:47:34,2,49.17,98.34,completed,credit_card
trans_000214,user_00936,prod_00414,session_002340,2025-10-08 09:45:15,3,90.09,270.27,completed,bank_transfer
trans_000215,user_00812,prod_00071,session_000736,2025-10-08 09:47:03,3,25.26,75.78,completed,credit_card
trans_000216,user_00195,prod_00450,session_001301,2025-10-08 09:47:25,3,32.06,96.18,completed,bank_transfer
trans_000217,user_00635,prod_00316,session_000246,2025-10-08 09:45:37,3,15.2,45.599999999999994,completed,bank_transfer
trans_000218,user_00658,prod_00049,session_000434,2025-10-08 09:44:54,2,161.04,322.08,completed,paypal
trans_000219,user_00339,prod_00414,session_004880,2025-10-08 09:46:42,1,90.09,90.09,completed,credit_card
trans_000220,user_00895,prod_00301,session_002610,2025-10-08 09:46:52,1,40.63,40.63,completed,credit_card
trans_000221,user_00708,prod_00332,session_000026,2025-10-08 09:45:06,2,135.02,270.04,refunded,paypal
trans_000222,user_00037,prod_00119,session_000698,2025-10-08 09:46:49,3,110.17,330.51,completed,bank_transfer
trans_000223,user_00702,prod_00136,session_004041,2025-10-08 09:47:26,3,72.48,217.44,completed,credit_card
trans_000224,user_00977,prod_00108,session_002715,2025-10-08 09:45:07,3,64.88,194.64,completed,credit_card
trans_000225,user_00606,prod_00124,session_000474,2025-10-08 09:45:46,2,63.88,127.76,completed,credit_card
trans_000226,user_00140,prod_00039,session_001199,2025-10-08 09:47:28,2,18.69,37.38,completed,credit_card
trans_000227,user_00994,prod_00213,session_001267,2025-10-08 09:45:10,3,53.87,161.60999999999999,completed,bank_transfer
trans_000228,user_00847,prod_00386,session_003573,2025-10-08 09:45:38,2,24.86,49.72,cancelled,paypal
trans_000229,user_00277,prod_00060,session_002670,2025-10-08 09:45:47,1,49.17,49.17,completed,bank_transfer
trans_000230,user_00636,prod_00186,session_001650,2025-10-08 09:46:25,1,66.45,66.45,completed,credit_card
trans_000231,user_00939,prod_00107,session_000981,2025-10-08 09:46:59,3,110.6,331.79999999999995,refunded,bank_transfer
trans_000232,user_00283,prod_00214,session_001291,2025-10-08 09:45:14,3,24.76,74.28,cancelled,credit_card
trans_000233,user_00606,prod_00334,session_002519,2025-10-08 09:47:11,2,9.91,19.82,completed,credit_card
trans_000234,user_00636,prod_00155,session_001650,2025-10-08 09:46:25,2,30.58,61.16,completed,credit_card
trans_000235,user_00949,prod_00045,session_004670,2025-10-08 09:45:17,1,47.48,47.48,completed,bank_transfer
trans_000236,user_00227,prod_00472,session_001113,2025-10-08 09:45:57,3,88.72,266.15999999999997,completed,bank_transfer
trans_000237,user_00518,prod_00138,session_002466,2025-10-08 09:44:45,3,42.21,126.63,completed,paypal
trans_000238,user_00027,prod_00346,session_004011,2025-10-08 09:45:11,1,26.45,26.45,completed,paypal
trans_000239,user_00102,prod_00309,session_001385,2025-10-08 09:47:31,3,47.96,143.88,completed,credit_card
trans_000240,user_00790,prod_00285,session_000182,2025-10-08 09:45:51,3,82.81,248.43,cancelled,credit_card
trans_000241,user_00262,prod_00305,session_004446,2025-10-08 09:45:05,1,175.24,175.24,completed,paypal
trans_000242,user_00825,prod_00118,session_004046,2025-10-08 09:47:33,2,17.63,35.26,completed,credit_card
trans_000243,user_00477,prod_00069,session_002557,2025-10-08 09:44:41,1,80.77,80.77,completed,credit_card
trans_000244,user_00638,prod_00318,session_003103,2025-10-08 09:47:19,2,32.63,65.26,cancelled,paypal
trans_000245,user_00750,prod_00448,session_000439,2025-10-08 09:46:06,2,35.8,71.6,cancelled,bank_transfer
trans_000246,user_00935,prod_00309,session_002962,2025-10-08 09:45:15,3,47.96,143.88,completed,paypal
trans_000247,user_00997,prod_00103,session_000215,2025-10-08 09:47:31,2,35.67,71.34,completed,paypal
trans_000248,user_00601,prod_00298,session_002428,2025-10-08 09:47:28,3,27.88,83.64,completed,bank_transfer
trans_000249,user_00634,prod_00063,session_000708,2025-10-08 09:44:45,3,123.24,369.71999999999997,refunded,bank_transfer
trans_000250,user_00103,prod_00114,session_003856,2025-10-08 09:45:08,2,18.27,36.54,refunded,credit_card
trans_000251,user_00924,prod_00206,session_003098,2025-10-08 09:47:34,2,25.82,51.64,completed,credit_card
trans_000252,user_00595,prod_00121,session_001058,2025-10-08 09:46:31,3,105.81,317.43,completed,credit_card
trans_000253,user_00679,prod_00489,session_001620,2025-10-08 09:44:48,3,39.1,117.30000000000001,completed,bank_transfer
trans_000254,user_00899,prod_00421,session_003953,2025-10-08 09:47:33,2,44.93,89.86,completed,bank_transfer
trans_000255,user_00233,prod_00128,session_004943,2025-10-08 09:45:48,3,78.13,234.39,completed,paypal
trans_000256,user_00761,prod_00306,session_003840,2025-10-08 09:46:46,2,171.9,343.8,completed,bank_transfer
trans_000257,user_00942,prod_00139,session_004438,2025-10-08 09:46:32,3,22.89,68.67,completed,paypal
trans_000258,user_00405,prod_00385,session_004304,2025-10-08 09:46:47,3,32.92,98.76,completed,bank_transfer
trans_000259,user_00111,prod_00466,session_004866,2025-10-08 09:45:31,2,23.42,46.84,completed,paypal
trans_000260,user_00894,prod_00045,session_001861,2025-10-08 09:45:08,1,47.48,47.48,completed,bank_transfer
trans_000261,user_00094,prod_00111,session_003236,2025-10-08 09:44:54,3,28.21,84.63,completed,paypal
trans_000262,user_00702,prod_00400,session_000284,2025-10-08 09:45:13,2,199.67,399.34,completed,credit_card
trans_000263,user_00498,prod_00347,session_000645,2025-10-08 09:47:18,3,78.54,235.62,completed,bank_transfer
trans_000264,user_00909,prod_00250,session_001550,2025-10-08 09:47:09,2,154.99,309.98,completed,credit_card
trans_000265,user_00320,prod_00094,session_000007,2025-10-08 09:44:54,1,131.57,131.57,refunded,paypal
trans_000266,user_00766,prod_00484,session_004690,2025-10-08 09:47:13,2,122.45,244.9,completed,bank_transfer
trans_000267,user_00345,prod_00237,session_000732,2025-10-08 09:47:04,3,48.75,146.25,completed,credit_card
trans_000268,user_00939,prod_00186,session_000981,2025-10-08 09:46:59,1,66.45,66.45,completed,credit_card
trans_000269,user_00683,prod_00005,session_002769,2025-10-08 09:46:16,1,180.26,180.26,completed,credit_card
trans_000270,user_00845,prod_00222,session_003191,2025-10-08 09:47:07,3,196.54,589.62,cancelled,bank_transfer
trans_000271,user_00996,prod_00394,session_002287,2025-10-08 09:45:00,1,231.88,231.88,completed,bank_transfer
trans_000272,user_00421,prod_00093,session_002248,2025-10-08 09:44:48,3,23.11,69.33,completed,credit_card
trans_000273,user_00337,prod_00343,session_003530,2025-10-08 09:46:12,1,53.62,53.62,completed,paypal
trans_000274,user_00721,prod_00230,session_004421,2025-10-08 09:47:23,1,151.81,151.81,completed,paypal
trans_000275,user_00092,prod_00101,session_001692,2025-10-08 09:46:27,1,53.8,53.8,completed,paypal
trans_000276,user_00794,prod_00358,session_002978,2025-10-08 09:47:00,1,44.05,44.05,completed,bank_transfer
trans_000277,user_00642,prod_00128,session_003096,2025-10-08 09:45:12,2,78.13,156.26,completed,paypal
trans_000278,user_00293,prod_00438,session_004515,2025-10-08 09:45:41,3,132.95,398.84999999999997,completed,bank_transfer
trans_000279,user_00633,prod_00084,session_003828,2025-10-08 09:45:23,2,32.06,64.12,completed,paypal
trans_000280,user_00035,prod_00260,session_001507,2025-10-08 09:46:26,3,32.9,98.69999999999999,completed,bank_transfer
trans_000281,user_00343,prod_00155,session_002161,2025-10-08 09:45:27,1,30.58,30.58,completed,credit_card
trans_000282,user_00002,prod_00394,session_000049,2025-10-08 09:46:55,3,231.88,695.64,cancelled,paypal
trans_000283,user_00553,prod_00461,session_002205,2025-10-08 09:45:50,2,54.73,109.46,completed,paypal
trans_000284,user_00887,prod_00045,session_001049,2025-10-08 09:45:10,3,47.48,142.44,completed,credit_card
trans_000285,user_00331,prod_00138,session_002539,2025-10-08 09:45:36,3,42.21,126.63,completed,paypal
trans_000286,user_00836,prod_00236,session_002586,2025-10-08 09:47:10,1,119.93,119.93,completed,credit_card
trans_000287,user_00373,prod_00000,session_004021,2025-10-08 09:46:30,2,33.82,67.64,completed,bank_transfer
trans_000288,user_00193,prod_00429,session_001616,2025-10-08 09:46:07,3,28.4,85.19999999999999,completed,paypal
trans_000289,user_00960,prod_00370,session_004128,2025-10-08 09:45:50,3,44.24,132.72,cancelled,credit_card
trans_000290,user_00607,prod_00114,session_000769,2025-10-08 09:46:53,3,18.27,54.81,completed,bank_transfer
trans_000291,user_00199,prod_00241,session_000264,2025-10-08 09:46:01,2,100.2,200.4,completed,credit_card
trans_000292,user_00262,prod_00459,session_004207,2025-10-08 09:47:19,2,55.4,110.8,completed,bank_transfer
trans_000293,user_00317,prod_00207,session_000357,2025-10-08 09:44:44,2,131.77,263.54,completed,bank_transfer
trans_000294,user_00259,prod_00198,session_003033,2025-10-08 09:45:18,2,196.9,393.8,cancelled,credit_card
trans_000295,user_00470,prod_00062,session_002829,2025-10-08 09:47:22,2,129.82,259.64,completed,bank_transfer
trans_000296,user_00459,prod_00377,session_001984,2025-10-08 09:45:28,1,167.79,167.79,completed,bank_transfer
trans_000297,user_00428,prod_00205,session_004297,2025-10-08 09:46:21,2,19.26,38.52,cancelled,paypal
trans_000298,user_00016,prod_00467,session_002583,2025-10-08 09:44:43,3,126.97,380.90999999999997,completed,paypal
trans_000299,user_00051,prod_00084,session_003768,2025-10-08 09:46:40,1,32.06,32.06,completed,bank_transfer
trans_000300,user_00666,prod_00149,session_000742,2025-10-08 09:46:44,3,82.78,248.34,completed,bank_transfer
trans_000301,user_00227,prod_00446,session_001765,2025-10-08 09:46:56,2,137.12,274.24,completed,credit_card
trans_000302,user_00489,prod_00491,session_004750,2025-10-08 09:46:09,3,35.83,107.49,completed,credit_card
trans_000303,user_00553,prod_00330,session_002626,2025-10-08 09:46:58,3,104.19,312.57,cancelled,paypal
trans_000304,user_00224,prod_00385,session_004985,2025-10-08 09:45:31,2,32.92,65.84,completed,bank_transfer
trans_000305,user_00008,prod_00244,session_003189,2025-10-08 09:45:01,3,12.22,36.660000000000004,completed,bank_transfer
trans_000306,user_00869,prod_00274,session_001165,2025-10-08 09:45:46,2,31.88,63.76,completed,credit_card
trans_000307,user_00748,prod_00147,session_002460,2025-10-08 09:46:29,1,150.36,150.36,refunded,bank_transfer
trans_000308,user_00395,prod_00192,session_000225,2025-10-08 09:47:38,1,21.61,21.61,completed,bank_transfer
trans_000309,user_00156,prod_00462,session_000552,2025-10-08 09:45:39,2,54.98,109.96,completed,paypal
trans_000310,user_00682,prod_00214,session_003783,2025-10-08 09:47:08,2,24.76,49.52,completed,credit_card
trans_000311,user_00227,prod_00123,session_001113,2025-10-08 09:45:57,3,192.35,577.05,refunded,bank_transfer
trans_000312,user_00322,prod_00235,session_003588,2025-10-08 09:47:14,3,25.97,77.91,completed,paypal
trans_000313,user_00007,prod_00128,session_003085,2025-10-08 09:45:45,1,78.13,78.13,completed,credit_card
trans_000314,user_00953,prod_00069,session_004342,2025-10-08 09:47:28,3,80.77,242.31,completed,credit_card
trans_000315,user_00653,prod_00119,session_003653,2025-10-08 09:46:54,1,110.17,110.17,completed,credit_card
trans_000316,user_00727,prod_00063,session_004689,2025-10-08 09:45:40,1,123.24,123.24,refunded,credit_card
trans_000317,user_00066,prod_00210,session_000068,2025-10-08 09:45:53,3,223.72,671.16,completed,paypal
trans_000318,user_00065,prod_00129,session_004534,2025-10-08 09:45:26,2,25.73,51.46,cancelled,bank_transfer
trans_000319,user_00085,prod_00448,session_002705,2025-10-08 09:44:41,2,35.8,71.6,completed,paypal
trans_000320,user_00014,prod_00088,session_004226,2025-10-08 09:45:29,3,28.95,86.85,completed,bank_transfer
trans_000321,user_00134,prod_00478,session_003363,2025-10-08 09:46:51,1,267.25,267.25,completed,paypal
trans_000322,user_00808,prod_00462,session_001292,2025-10-08 09:47:09,1,54.98,54.98,completed,credit_card
trans_000323,user_00650,prod_00180,session_001296,2025-10-08 09:47:18,3,43.19,129.57,completed,paypal
trans_000324,user_00627,prod_00360,session_001528,2025-10-08 09:47:41,2,115.24,230.48,completed,credit_card
trans_000325,user_00356,prod_00335,session_001462,2025-10-08 09:45:34,3,45.9,137.7,completed,paypal
trans_000326,user_00004,prod_00083,session_000313,2025-10-08 09:45:07,1,48.75,48.75,cancelled,bank_transfer
trans_000327,user_00091,prod_00231,session_000286,2025-10-08 09:45:51,3,26.22,78.66,completed,credit_card
trans_000328,user_00112,prod_00176,session_003519,2025-10-08 09:47:09,3,35.35,106.05000000000001,completed,bank_transfer
trans_000329,user_00130,prod_00271,session_004564,2025-10-08 09:46:52,1,228.1,228.1,completed,paypal
trans_000330,user_00950,prod_00395,session_001930,2025-10-08 09:45:58,3,53.02,159.06,completed,paypal
trans_000331,user_00751,prod_00474,session_003603,2025-10-08 09:46:13,1,27.44,27.44,completed,credit_card
trans_000332,user_00870,prod_00270,session_000507,2025-10-08 09:47:16,2,14.69,29.38,cancelled,bank_transfer
trans_000333,user_00369,prod_00355,session_002528,2025-10-08 09:47:28,2,72.88,145.76,completed,bank_transfer
trans_000334,user_00577,prod_00432,session_001580,2025-10-08 09:45:20,2,26.32,52.64,completed,credit_card
trans_000335,user_00282,prod_00485,session_001714,2025-10-08 09:45:01,2,134.36,268.72,completed,bank_transfer
trans_000336,user_00137,prod_00036,session_003321,2025-10-08 09:45:08,3,18.99,56.97,completed,bank_transfer
trans_000337,user_00575,prod_00471,session_003739,2025-10-08 09:45:36,2,30.78,61.56,completed,paypal
trans_000338,user_00224,prod_00160,session_000597,2025-10-08 09:47:14,2,52.35,104.7,completed,credit_card
trans_000339,user_00531,prod_00336,session_000089,2025-10-08 09:45:29,1,28.21,28.21,completed,credit_card
trans_000340,user_00449,prod_00112,session_002130,2025-10-08 09:46:28,2,46.93,93.86,completed,credit_card
trans_000341,user_00115,prod_00464,session_003581,2025-10-08 09:46:44,2,33.54,67.08,completed,credit_card
trans_000342,user_00908,prod_00199,session_004345,2025-10-08 09:46:36,2,170.06,340.12,completed,credit_card
trans_000343,user_00760,prod_00009,session_000324,2025-10-08 09:45:18,3,149.6,448.79999999999995,completed,bank_transfer
trans_000344,user_00260,prod_00247,session_000153,2025-10-08 09:47:29,2,157.48,314.96,completed,credit_card
trans_000345,user_00009,prod_00262,session_000099,2025-10-08 09:47:08,3,17.09,51.269999999999996,completed,paypal
trans_000346,user_00915,prod_00149,session_002732,2025-10-08 09:46:37,2,82.78,165.56,cancelled,bank_transfer
trans_000347,user_00535,prod_00015,session_000111,2025-10-08 09:46:12,2,91.23,182.46,completed,bank_transfer
trans_000348,user_00884,prod_00095,session_002781,2025-10-08 09:46:10,2,90.92,181.84,completed,credit_card
trans_000349,user_00606,prod_00478,session_003698,2025-10-08 09:46:32,3,267.25,801.75,completed,paypal
trans_000350,user_00474,prod_00013,session_002020,2025-10-08 09:44:52,1,58.59,58.59,completed,bank_transfer
trans_000351,user_00550,prod_00344,session_002906,2025-10-08 09:46:29,1,22.52,22.52,completed,credit_card
trans_000352,user_00278,prod_00366,session_003943,2025-10-08 09:45:09,1,76.24,76.24,completed,bank_transfer
trans_000353,user_00817,prod_00012,session_000773,2025-10-08 09:46:51,2,33.21,66.42,completed,bank_transfer
trans_000354,user_00854,prod_00258,session_001318,2025-10-08 09:45:46,2,59.71,119.42,completed,paypal
trans_000355,user_00100,prod_00277,session_004035,2025-10-08 09:46:13,2,35.78,71.56,completed,paypal
trans_000356,user_00969,prod_00039,session_002860,2025-10-08 09:47:39,1,18.69,18.69,completed,credit_card
trans_000357,user_00747,prod_00319,session_002034,2025-10-08 09:45:17,2,62.9,125.8,completed,bank_transfer
trans_000358,user_00334,prod_00374,session_000304,2025-10-08 09:46:15,2,62.38,124.76,completed,credit_card
trans_000359,user_00222,prod_00469,session_003017,2025-10-08 09:44:50,1,28.35,28.35,completed,credit_card
trans_000360,user_00566,prod_00451,session_002188,2025-10-08 09:46:11,1,40.9,40.9,completed,bank_transfer
trans_000361,user_00523,prod_00127,session_002398,2025-10-08 09:44:41,2,23.42,46.84,completed,credit_card
trans_000362,user_00570,prod_00219,session_001149,2025-10-08 09:47:12,1,48.24,48.24,completed,bank_transfer
trans_000363,user_00076,prod_00190,session_002974,2025-10-08 09:45:51,1,25.41,25.41,completed,credit_card
trans_000364,user_00641,prod_00247,session_001819,2025-10-08 09:46:54,1,157.48,157.48,completed,paypal
trans_000365,user_00676,prod_00404,session_003491,2025-10-08 09:46:11,2,14.31,28.62,completed,credit_card
trans_000366,user_00460,prod_00394,session_004648,2025-10-08 09:46:41,3,231.88,695.64,completed,paypal
trans_000367,user_00678,prod_00370,session_004528,2025-10-08 09:47:13,3,44.24,132.72,completed,bank_transfer
trans_000368,user_00816,prod_00236,session_003239,2025-10-08 09:46:35,1,119.93,119.93,completed,credit_card
trans_000369,user_00954,prod_00055,session_002646,2025-10-08 09:46:37,1,129.51,129.51,completed,paypal
trans_000370,user_00135,prod_00130,session_000819,2025-10-08 09:45:32,3,32.8,98.39999999999999,completed,paypal
trans_000371,user_00708,prod_00147,session_001243,2025-10-08 09:45:05,3,150.36,451.08000000000004,cancelled,paypal
trans_000372,user_00475,prod_00381,session_001013,2025-10-08 09:46:45,2,29.21,58.42,cancelled,bank_transfer
trans_000373,user_00445,prod_00121,session_003245,2025-10-08 09:47:13,1,105.81,105.81,completed,credit_card
trans_000374,user_00835,prod_00254,session_004741,2025-10-08 09:44:48,3,104.1,312.29999999999995,completed,bank_transfer
trans_000375,user_00596,prod_00313,session_002124,2025-10-08 09:47:02,1,39.53,39.53,completed,credit_card
trans_000376,user_00184,prod_00198,session_003678,2025-10-08 09:46:42,2,196.9,393.8,completed,paypal
trans_000377,user_00613,prod_00418,session_002795,2025-10-08 09:46:34,3,184.73,554.1899999999999,completed,paypal
trans_000378,user_00384,prod_00487,session_001321,2025-10-08 09:45:35,1,122.34,122.34,completed,paypal
trans_000379,user_00364,prod_00196,session_001617,2025-10-08 09:47:26,2,11.33,22.66,completed,credit_card
trans_000380,user_00755,prod_00107,session_001384,2025-10-08 09:45:07,2,110.6,221.2,completed,paypal
trans_000381,user_00717,prod_00075,session_002357,2025-10-08 09:46:52,2,58.92,117.84,completed,credit_card
trans_000382,user_00099,prod_00250,session_004877,2025-10-08 09:46:06,3,154.99,464.97,completed,bank_transfer
trans_000383,user_00820,prod_00390,session_001818,2025-10-08 09:45:33,1,50.39,50.39,cancelled,bank_transfer
trans_000384,user_00608,prod_00181,session_002749,2025-10-08 09:46:05,1,48.88,48.88,completed,paypal
trans_000385,user_00441,prod_00254,session_000661,2025-10-08 09:45:05,3,104.1,312.29999999999995,completed,paypal
trans_000386,user_00254,prod_00437,session_001588,2025-10-08 09:46:36,3,40.71,122.13,completed,credit_card
trans_000387,user_00483,prod_00263,session_002809,2025-10-08 09:45:56,1,36.85,36.85,completed,bank_transfer
trans_000388,user_00580,prod_00281,session_004565,2025-10-08 09:47:01,3,65.38,196.14,completed,credit_card
trans_000389,user_00718,prod_00381,session_003015,2025-10-08 09:47:12,2,29.21,58.42,completed,credit_card
trans_000390,user_00822,prod_00120,session_003851,2025-10-08 09:44:49,1,38.56,38.56,completed,paypal
trans_000391,user_00130,prod_00404,session_002738,2025-10-08 09:46:01,1,14.31,14.31,completed,bank_transfer
trans_000392,user_00678,prod_00070,session_000238,2025-10-08 09:47:04,2,33.29,66.58,cancelled,bank_transfer
trans_000393,user_00297,prod_00299,session_001783,2025-10-08 09:47:40,2,68.97,137.94,completed,credit_card
trans_000394,user_00886,prod_00175,session_004651,2025-10-08 09:45:48,1,63.94,63.94,completed,bank_transfer
trans_000395,user_00466,prod_00447,session_001193,2025-10-08 09:44:47,2,110.28,220.56,completed,credit_card
trans_000396,user_00237,prod_00003,session_004159,2025-10-08 09:45:53,3,115.67,347.01,completed,credit_card
trans_000397,user_00140,prod_00284,session_004679,2025-10-08 09:47:03,3,65.8,197.39999999999998,completed,bank_transfer
trans_000398,user_00046,prod_00450,session_001781,2025-10-08 09:46:07,2,32.06,64.12,completed,credit_card
trans_000399,user_00553,prod_00337,session_003403,2025-10-08 09:45:08,2,55.82,111.64,completed,credit_card
trans_000400,user_00373,prod_00334,session_000638,2025-10-08 09:46:01,2,9.91,19.82,completed,paypal
trans_000401,user_00023,prod_00489,session_003844,2025-10-08 09:45:59,2,39.1,78.2,completed,credit_card
trans_000402,user_00928,prod_00071,session_004276,2025-10-08 09:47:02,1,25.26,25.26,completed,bank_transfer
trans_000403,user_00328,prod_00204,session_003852,2025-10-08 09:45:41,2,51.33,102.66,completed,paypal
trans_000404,user_00576,prod_00046,session_004854,2025-10-08 09:45:10,3,79.86,239.57999999999998,cancelled,bank_transfer
trans_000405,user_00322,prod_00293,session_002843,2025-10-08 09:46:36,2,88.25,176.5,cancelled,bank_transfer
trans_000406,user_00693,prod_00476,session_002304,2025-10-08 09:45:31,1,39.91,39.91,completed,credit_card
trans_000407,user_00049,prod_00167,session_000315,2025-10-08 09:47:35,3,37.21,111.63,cancelled,bank_transfer
trans_000408,user_00457,prod_00289,session_004626,2025-10-08 09:45:31,3,43.18,129.54,completed,credit_card
trans_000409,user_00381,prod_00144,session_002872,2025-10-08 09:45:02,1,5.79,5.79,completed,credit_card
trans_000410,user_00966,prod_00422,session_004661,2025-10-08 09:45:10,2,6.26,12.52,completed,paypal
trans_000411,user_00712,prod_00399,session_001659,2025-10-08 09:45:37,3,24.26,72.78,completed,credit_card
trans_000412,user_00097,prod_00065,session_001332,2025-10-08 09:45:01,2,51.19,102.38,completed,credit_card
trans_000413,user_00155,prod_00246,session_002182,2025-10-08 09:46:45,3,49.37,148.10999999999999,completed,credit_card
trans_000414,user_00103,prod_00395,session_002724,2025-10-08 09:46:02,3,53.02,159.06,completed,paypal
trans_000415,user_00046,prod_00407,session_004171,2025-10-08 09:45:26,2,53.25,106.5,completed,credit_card
trans_000416,user_00678,prod_00300,session_002649,2025-10-08 09:47:05,3,110.41,331.23,completed,paypal
trans_000417,user_00307,prod_00245,session_004663,2025-10-08 09:46:00,2,86.21,172.42,completed,paypal
trans_000418,user_00679,prod_00188,session_004250,2025-10-08 09:45:23,3,40.37,121.10999999999999,completed,bank_transfer
trans_000419,user_00574,prod_00048,session_004229,2025-10-08 09:45:23,3,27.9,83.69999999999999,cancelled,paypal
trans_000420,user_00005,prod_00478,session_004552,2025-10-08 09:45:30,3,267.25,801.75,cancelled,credit_card
trans_000421,user_00786,prod_00098,session_002885,2025-10-08 09:47:34,1,48.41,48.41,completed,paypal
trans_000422,user_00303,prod_00079,session_002720,2025-10-08 09:46:48,2,79.4,158.8,completed,paypal
trans_000423,user_00900,prod_00076,session_003425,2025-10-08 09:46:49,1,92.86,92.86,refunded,bank_transfer
trans_000424,user_00443,prod_00168,session_000979,2025-10-08 09:45:11,2,199.07,398.14,completed,bank_transfer
trans_000425,user_00144,prod_00484,session_003708,2025-10-08 09:47:09,3,122.45,367.35,completed,credit_card
trans_000426,user_00300,prod_00488,session_002258,2025-10-08 09:46:13,3,22.85,68.55000000000001,completed,paypal
trans_000427,user_00426,prod_00247,session_002185,2025-10-08 09:46:47,2,157.48,314.96,completed,credit_card
trans_000428,user_00229,prod_00404,session_003834,2025-10-08 09:47:09,2,14.31,28.62,completed,bank_transfer
trans_000429,user_00565,prod_00069,session_002403,2025-10-08 09:45:29,1,80.77,80.77,completed,credit_card
trans_000430,user_00436,prod_00461,session_001910,2025-10-08 09:45:51,2,54.73,109.46,completed,paypal
trans_000431,user_00106,prod_00098,session_004652,2025-10-08 09:46:04,3,48.41,145.23,completed,credit_card
trans_000432,user_00441,prod_00088,session_000421,2025-10-08 09:46:33,3,28.95,86.85,completed,credit_card
trans_000433,user_00187,prod_00299,session_002108,2025-10-08 09:45:56,1,68.97,68.97,completed,paypal
trans_000434,user_00860,prod_00443,session_003195,2025-10-08 09:45:06,3,41.27,123.81,completed,credit_card
trans_000435,user_00660,prod_00343,session_001953,2025-10-08 09:45:59,1,53.62,53.62,cancelled,paypal
trans_000436,user_00295,prod_00000,session_002859,2025-10-08 09:46:25,1,33.82,33.82,completed,paypal
trans_000437,user_00902,prod_00235,session_000101,2025-10-08 09:46:18,3,25.97,77.91,completed,paypal
trans_000438,user_00676,prod_00205,session_000751,2025-10-08 09:46:05,2,19.26,38.52,completed,bank_transfer
trans_000439,user_00655,prod_00438,session_004100,2025-10-08 09:45:42,3,132.95,398.84999999999997,completed,bank_transfer
trans_000440,user_00129,prod_00438,session_001948,2025-10-08 09:45:33,1,132.95,132.95,completed,bank_transfer
trans_000441,user_00894,prod_00370,session_003014,2025-10-08 09:47:09,3,44.24,132.72,completed,bank_transfer
trans_000442,user_00235,prod_00410,session_003429,2025-10-08 09:45:23,3,203.86,611.58,cancelled,credit_card
trans_000443,user_00535,prod_00489,session_001010,2025-10-08 09:47:16,2,39.1,78.2,completed,bank_transfer
trans_000444,user_00635,prod_00090,session_003353,2025-10-08 09:46:11,3,56.35,169.05,completed,bank_transfer
trans_000445,user_00267,prod_00392,session_003875,2025-10-08 09:44:49,3,38.43,115.28999999999999,completed,bank_transfer
trans_000446,user_00936,prod_00281,session_002340,2025-10-08 09:45:15,3,65.38,196.14,completed,paypal
trans_000447,user_00778,prod_00005,session_001779,2025-10-08 09:45:51,2,180.26,360.52,cancelled,paypal
trans_000448,user_00001,prod_00399,session_000781,2025-10-08 09:46:56,1,24.26,24.26,cancelled,bank_transfer
trans_000449,user_00100,prod_00205,session_002362,2025-10-08 09:46:37,1,19.26,19.26,completed,paypal
trans_000450,user_00200,prod_00427,session_002375,2025-10-08 09:45:29,2,141.17,282.34,completed,paypal
trans_000451,user_00852,prod_00242,session_002417,2025-10-08 09:46:06,2,17.14,34.28,cancelled,paypal
trans_000452,user_00881,prod_00026,session_002645,2025-10-08 09:45:11,3,61.81,185.43,completed,bank_transfer
trans_000453,user_00038,prod_00026,session_000542,2025-10-08 09:45:11,3,61.81,185.43,completed,bank_transfer
trans_000454,user_00516,prod_00355,session_002237,2025-10-08 09:45:21,1,72.88,72.88,completed,paypal
trans_000455,user_00882,prod_00047,session_000142,2025-10-08 09:45:26,3,35.19,105.57,completed,paypal
trans_000456,user_00250,prod_00454,session_001508,2025-10-08 09:46:59,3,20.29,60.87,refunded,credit_card
trans_000457,user_00176,prod_00090,session_001603,2025-10-08 09:44:41,3,56.35,169.05,completed,bank_transfer
trans_000458,user_00869,prod_00031,session_004027,2025-10-08 09:46:04,2,19.69,39.38,completed,bank_transfer
trans_000459,user_00760,prod_00263,session_000324,2025-10-08 09:45:18,1,36.85,36.85,completed,credit_card
trans_000460,user_00936,prod_00232,session_001362,2025-10-08 09:45:46,2,87.84,175.68,completed,credit_card
trans_000461,user_00283,prod_00449,session_001735,2025-10-08 09:45:40,2,48.37,96.74,completed,paypal
trans_000462,user_00415,prod_00089,session_003861,2025-10-08 09:45:19,2,59.51,119.02,completed,bank_transfer
trans_000463,user_00909,prod_00209,session_003020,2025-10-08 09:45:25,3,91.99,275.96999999999997,completed,paypal
trans_000464,user_00655,prod_00052,session_004100,2025-10-08 09:45:42,3,356.29,1068.8700000000001,completed,bank_transfer
trans_000465,user_00639,prod_00071,session_000348,2025-10-08 09:44:53,3,25.26,75.78,completed,credit_card
trans_000466,user_00996,prod_00424,session_003254,2025-10-08 09:44:51,1,20.61,20.61,completed,credit_card
trans_000467,user_00395,prod_00389,session_002412,2025-10-08 09:47:20,3,14.56,43.68,completed,credit_card
trans_000468,user_00439,prod_00008,session_003447,2025-10-08 09:44:59,2,30.53,61.06,refunded,paypal
trans_000469,user_00984,prod_00489,session_001625,2025-10-08 09:45:20,3,39.1,117.30000000000001,completed,bank_transfer
trans_000470,user_00555,prod_00269,session_003640,2025-10-08 09:47:11,3,53.72,161.16,completed,paypal
trans_000471,user_00007,prod_00411,session_002107,2025-10-08 09:46:58,2,60.33,120.66,completed,paypal
trans_000472,user_00324,prod_00119,session_003630,2025-10-08 09:45:13,1,110.17,110.17,completed,paypal
trans_000473,user_00718,prod_00143,session_000269,2025-10-08 09:45:52,2,124.9,249.8,completed,paypal
trans_000474,user_00664,prod_00005,session_000911,2025-10-08 09:45:54,3,180.26,540.78,completed,paypal
trans_000475,user_00221,prod_00035,session_003488,2025-10-08 09:45:49,1,83.37,83.37,completed,credit_card
trans_000476,user_00923,prod_00492,session_003480,2025-10-08 09:47:04,2,63.2,126.4,completed,paypal
trans_000477,user_00373,prod_00467,session_002562,2025-10-08 09:46:15,2,126.97,253.94,completed,paypal
trans_000478,user_00459,prod_00138,session_003043,2025-10-08 09:46:20,3,42.21,126.63,completed,bank_transfer
trans_000479,user_00889,prod_00222,session_001265,2025-10-08 09:45:07,1,196.54,196.54,completed,credit_card
trans_000480,user_00658,prod_00177,session_004290,2025-10-08 09:44:55,2,195.12,390.24,completed,paypal
trans_000481,user_00011,prod_00470,session_001459,2025-10-08 09:45:24,2,63.29,126.58,completed,bank_transfer
trans_000482,user_00576,prod_00400,session_004045,2025-10-08 09:45:23,1,199.67,199.67,completed,paypal
trans_000483,user_00232,prod_00461,session_001512,2025-10-08 09:46:26,1,54.73,54.73,cancelled,bank_transfer
trans_000484,user_00557,prod_00414,session_003536,2025-10-08 09:45:01,3,90.09,270.27,cancelled,bank_transfer
trans_000485,user_00800,prod_00148,session_000720,2025-10-08 09:46:03,1,25.44,25.44,completed,credit_card
trans_000486,user_00368,prod_00010,session_004370,2025-10-08 09:47:16,2,84.74,169.48,completed,credit_card
trans_000487,user_00498,prod_00210,session_001201,2025-10-08 09:46:18,3,223.72,671.16,completed,bank_transfer
trans_000488,user_00619,prod_00066,session_003595,2025-10-08 09:47:17,3,23.0,69.0,refunded,bank_transfer
trans_000489,user_00305,prod_00443,session_004156,2025-10-08 09:47:21,1,41.27,41.27,completed,paypal
trans_000490,user_00867,prod_00195,session_003865,2025-10-08 09:45:49,3,70.13,210.39,completed,credit_card
trans_000491,user_00760,prod_00129,session_003405,2025-10-08 09:45:39,1,25.73,25.73,completed,credit_card
trans_000492,user_00526,prod_00323,session_003053,2025-10-08 09:46:54,2,79.52,159.04,completed,bank_transfer
trans_000493,user_00779,prod_00293,session_002270,2025-10-08 09:46:22,1,88.25,88.25,completed,paypal
trans_000494,user_00592,prod_00405,session_003803,2025-10-08 09:46:57,2,38.43,76.86,completed,credit_card
trans_000495,user_00098,prod_00389,session_003143,2025-10-08 09:46:22,3,14.56,43.68,cancelled,bank_transfer
trans_000496,user_00433,prod_00366,session_000786,2025-10-08 09:47:28,1,76.24,76.24,refunded,credit_card
trans_000497,user_00888,prod_00040,session_004044,2025-10-08 09:46:58,2,46.82,93.64,cancelled,credit_card
trans_000498,user_00950,prod_00258,session_004546,2025-10-08 09:47:05,1,59.71,59.71,completed,credit_card
trans_000499,user_00740,prod_00323,session_001025,2025-10-08 09:45:33,1,79.52,79.52,completed,bank_transfer
